scenario_id,category,prompt,expected_domains,predicted_domain,domain_match,expected_action,acceptable_actions,selected_action,primary_action_match,acceptable_action_match,consensus_score,rar_triggered,rar_accepted,utility,performance_score,cost_efficiency_score,risk_reduction_score,xi
pm001,cross_domain_release_governance,"The latest release failed, users are seeing high latency, and security flagged a policy violation. What should we do?","[""DevOps"", ""SRE"", ""DevSecOps""]",DevOps,True,Patch or block release,"[""Patch or block release"", ""Rollback to stable deployment"", ""Mitigate and monitor"", ""Scale adjustment""]",Rollback to stable deployment,False,True,0.5,True,False,0.955,0.975,0.65,0.8,0.792
pm002,cost_governance,Our cloud costs increased significantly after autoscaling changes. Can you analyze and recommend what we should do?,"[""FinOps""]",FinOps,True,Scale adjustment,"[""Scale adjustment""]",Scale adjustment,True,True,0.92,False,False,0.92,0.6,0.88,0.32,0.8049
pm003,security_compliance_governance,Security scanning detected policy violations and critical vulnerabilities in the current release. Should we proceed with deployment?,"[""DevSecOps""]",DevSecOps,True,Patch or block release,"[""Patch or block release""]",Patch or block release,True,True,0.92,False,False,1.086,0.47,0.7,0.96,0.802
pm004,reliability_operations,Users are reporting very slow response times and repeated timeouts across services. Please evaluate the situation.,"[""SRE""]",SRE,True,Mitigate and monitor,"[""Mitigate and monitor"", ""Scale adjustment""]",Scale adjustment,False,True,0.92,False,False,0.8671,0.704,0.54,0.545,0.8
pm005,release_governance,The latest deployment failed and services are restarting repeatedly. The pipeline also reported configuration drift. What action should we take?,"[""DevOps""]",DevOps,True,Rollback to stable deployment,"[""Rollback to stable deployment"", ""Block release and fix pipeline""]",Block release and fix pipeline,False,True,0.92,False,False,0.925,0.7,0.75,0.7,0.771
pm006,release_governance,"URGENT: Production is unstable after the latest deployment, and multiple services are failing. What is the recommended governance action?","[""DevOps"", ""SRE""]",DevOps,True,Rollback to stable deployment,"[""Rollback to stable deployment"", ""Block release and fix pipeline"", ""Mitigate and monitor"", ""Scale adjustment""]",Rollback to stable deployment,True,True,0.77,False,False,1.025,0.975,0.65,0.7,0.816
pm007,cross_domain_release_governance,"The release pipeline passed successfully, but security reported policy violations and IAM drift. Should we continue rollout?","[""DevOps"", ""DevSecOps""]",DevOps,True,Patch or block release,"[""Patch or block release"", ""Rollback to stable deployment""]",Block release and fix pipeline,True,True,0.8,False,False,0.985,0.7,0.75,0.9,0.816
pm008,cross_domain_cost_reliability,"Performance improved after scaling changes, but infrastructure costs nearly doubled. Should we keep the current setup?","[""SRE"", ""FinOps""]",SRE,True,Scale adjustment,"[""Scale adjustment"", ""Mitigate and monitor""]",Scale adjustment,True,True,0.89,False,False,0.8679,0.689,0.6,0.5075,0.84
pm009,pm_prioritization_escalation,The release keeps failing validation checks and our sprint commitment is now at risk. What should I prioritize and escalate?,"[""DevOps""]",DevOps,True,Rollback to stable deployment,"[""Rollback to stable deployment"", ""Block release and fix pipeline""]",Rollback to stable deployment,True,True,0.8600000000000001,False,False,0.9718,0.855,0.65,0.6825,0.837
pm010,reliability_operations,Error rates increased after a recent configuration change and customers are affected. What is the recommended next step?,"[""SRE"", ""DevOps""]",DevOps,True,Mitigate and monitor,"[""Mitigate and monitor"", ""Rollback to stable deployment"", ""Block release and fix pipeline"", ""Scale adjustment""]",Rollback to stable deployment,False,True,0.8,False,False,1.0117,0.955,0.65,0.6825,0.816
pm011,cost_governance,"Cloud spending is rising week over week, but I do not see a corresponding product benefit. What should we do?","[""FinOps""]",FinOps,True,Scale adjustment,"[""Scale adjustment""]",Scale adjustment,True,True,0.92,False,False,0.92,0.6,0.88,0.32,0.8049
pm012,cross_domain_release_governance,"Security recommends blocking the release due to policy violations, but engineering says the build is stable. What is the governance recommendation?","[""DevSecOps"", ""DevOps""]",DevOps,True,Patch or block release,"[""Patch or block release"", ""Rollback to stable deployment""]",Block release and fix pipeline,True,True,0.8,False,False,0.985,0.7,0.75,0.9,0.816
pm013,reliability_operations,"Latency and error rates are increasing, and I am concerned we will breach our service commitments. What should we do?","[""SRE""]",SRE,True,Mitigate and monitor,"[""Mitigate and monitor"", ""Scale adjustment""]",Scale adjustment,False,True,0.92,False,False,0.8898,0.742,0.54,0.57,0.802
pm014,cost_governance,"After increasing autoscaling capacity, our cloud bill spiked unexpectedly. Should we revise scaling settings?","[""FinOps""]",FinOps,True,Scale adjustment,"[""Scale adjustment""]",Scale adjustment,True,True,0.92,False,False,0.92,0.6,0.88,0.32,0.8049
pm015,security_compliance_governance,A critical vulnerability was found in the release candidate just before deployment. Should we move forward or stop?,"[""DevSecOps""]",DevSecOps,True,Patch or block release,"[""Patch or block release""]",Patch or block release,True,True,0.92,False,False,1.086,0.47,0.7,0.96,0.802
pm016,release_governance,Services are showing repeated restart loops after the latest release. What is the recommended action?,"[""DevOps""]",DevOps,True,Rollback to stable deployment,"[""Rollback to stable deployment"", ""Block release and fix pipeline""]",Block release and fix pipeline,False,True,0.92,False,False,0.925,0.7,0.75,0.7,0.771
pm017,cross_domain_general_investigation,"Something feels off across the platform after the latest release. Performance seems worse, costs look higher, and teams are concerned. Please assess the situation.","[""DevOps"", ""SRE"", ""FinOps"", ""DevSecOps""]",DevOps,True,Mitigate and monitor,"[""Mitigate and monitor"", ""Patch or block release"", ""Rollback to stable deployment"", ""Scale adjustment""]",Rollback to stable deployment,False,True,0.47,True,False,0.9193,0.9175,0.65,0.7575,0.84
pm018,security_compliance_governance,"We are preparing to go live, but compliance checks identified policy issues. What is the governance recommendation?","[""DevSecOps""]",DevSecOps,True,Patch or block release,"[""Patch or block release""]",Patch or block release,True,True,0.89,False,False,1.086,0.47,0.7,0.96,0.832
pm019,reliability_operations,"We are entering a launch window, but latency is rising and users are experiencing slow responses. What should we prioritize?","[""SRE""]",SRE,True,Mitigate and monitor,"[""Mitigate and monitor"", ""Scale adjustment""]",Scale adjustment,False,True,0.92,False,False,0.8898,0.742,0.54,0.57,0.802
pm020,release_governance,The build pipeline has been unstable for the last two release attempts. Should we hold the release?,"[""DevOps""]",DevOps,True,Rollback to stable deployment,"[""Rollback to stable deployment"", ""Block release and fix pipeline""]",Rollback to stable deployment,True,True,0.8600000000000001,False,False,0.9718,0.855,0.65,0.6825,0.837
pm021,cross_domain_release_governance,"The release candidate passed deployment checks, but security found policy violations and performance testing shows rising latency. Should we proceed?","[""DevSecOps"", ""SRE"", ""DevOps""]",DevOps,True,Patch or block release,"[""Patch or block release"", ""Rollback to stable deployment"", ""Mitigate and monitor"", ""Scale adjustment""]",Rollback to stable deployment,False,True,0.5,True,False,0.955,0.975,0.65,0.8,0.8074
pm022,pm_prioritization_escalation,"We have deployment instability, rising latency, and increasing cloud costs. Which issue should the team prioritize first?","[""DevOps"", ""SRE"", ""FinOps""]",DevOps,True,Mitigate and monitor,"[""Mitigate and monitor"", ""Rollback to stable deployment"", ""Block release and fix pipeline"", ""Scale adjustment""]",Rollback to stable deployment,False,True,0.77,False,False,0.9968,0.9175,0.65,0.6825,0.84
pm023,pm_prioritization_escalation,"We are seeing delivery delays, production performance concerns, and security objections before release. What should I escalate to leadership?","[""DevOps"", ""SRE"", ""DevSecOps""]",DevOps,True,Patch or block release,"[""Patch or block release"", ""Rollback to stable deployment"", ""Mitigate and monitor"", ""Scale adjustment""]",Rollback to stable deployment,False,True,0.47,True,False,0.955,0.975,0.65,0.8,0.8074
pm024,release_governance,Can this release safely go out today given the recent failed deployment checks and operational concerns?,"[""DevOps"", ""SRE""]",DevOps,True,Rollback to stable deployment,"[""Rollback to stable deployment"", ""Block release and fix pipeline"", ""Mitigate and monitor"", ""Scale adjustment""]",Rollback to stable deployment,True,True,0.8,False,False,1.025,0.975,0.65,0.7,0.7956
pm025,cross_domain_cost_reliability,"Autoscaling has improved performance, but our monthly cloud costs are much higher. Is this still worth it?","[""FinOps"", ""SRE""]",SRE,True,Scale adjustment,"[""Scale adjustment"", ""Mitigate and monitor""]",Scale adjustment,True,True,0.8,False,False,1.2703,0.885,0.88,0.5075,0.8089
pm026,security_compliance_governance,A runtime security issue was detected after deployment and policy violations are being reported. What should we do now?,"[""DevSecOps""]",DevSecOps,True,Patch or block release,"[""Patch or block release""]",Patch or block release,True,True,0.92,False,False,1.086,0.47,0.7,0.96,0.802
pm027,release_governance,"The deployment is progressing, but restart loops and instability have been observed in some services. Are we safe to continue rollout?","[""DevOps""]",DevOps,True,Rollback to stable deployment,"[""Rollback to stable deployment"", ""Block release and fix pipeline""]",Block release and fix pipeline,False,True,0.92,False,False,0.925,0.7,0.75,0.7,0.771
pm028,cost_governance,"We are under budget pressure, and recent scaling changes increased infrastructure costs. What action should we take?","[""FinOps""]",FinOps,True,Scale adjustment,"[""Scale adjustment""]",Scale adjustment,True,True,0.92,False,False,0.92,0.6,0.88,0.32,0.8049
pm029,cross_domain_release_governance,"Customers are being affected after the latest release, and security concerns are also open. Should we continue or reverse course?","[""SRE"", ""DevSecOps"", ""DevOps""]",DevOps,True,Patch or block release,"[""Patch or block release"", ""Rollback to stable deployment"", ""Mitigate and monitor"", ""Scale adjustment""]",Rollback to stable deployment,False,True,0.47,True,False,0.965,1.0,0.65,0.8,0.8074
pm030,pm_prioritization_escalation,"Given current deployment, reliability, cost, and security issues, what should the team do in the next 24 hours?","[""DevOps"", ""SRE"", ""FinOps"", ""DevSecOps""]",DevOps,True,Mitigate and monitor,"[""Mitigate and monitor"", ""Patch or block release"", ""Rollback to stable deployment"", ""Scale adjustment""]",Rollback to stable deployment,False,True,0.74,False,False,0.8942,0.855,0.65,0.7575,0.84
pm031,security_compliance_governance,"Compliance controls have flagged issues with the release, and security recommends holding deployment. What is the decision?","[""DevSecOps""]",DevSecOps,True,Patch or block release,"[""Patch or block release""]",Patch or block release,True,True,0.89,False,False,1.086,0.47,0.7,0.96,0.832
pm032,cost_governance,"As traffic has grown, our infrastructure costs have risen sharply. Should we revise our scaling strategy?","[""FinOps"", ""SRE""]",SRE,True,Scale adjustment,"[""Scale adjustment"", ""Mitigate and monitor""]",Scale adjustment,True,True,0.8,False,False,1.2703,0.885,0.88,0.5075,0.8089
pm033,reliability_operations,"During peak customer hours, we are seeing repeated timeouts and service degradation. What should we do?","[""SRE""]",SRE,True,Mitigate and monitor,"[""Mitigate and monitor"", ""Scale adjustment""]",Scale adjustment,False,True,0.92,False,False,0.8898,0.742,0.54,0.57,0.802
pm034,cross_domain_cost_reliability,"The build is stable, but latency is trending upward and costs are increasing. What governance action do you recommend?","[""SRE"", ""FinOps""]",SRE,True,Scale adjustment,"[""Scale adjustment"", ""Mitigate and monitor""]",Scale adjustment,True,True,0.89,False,False,0.8679,0.689,0.6,0.5075,0.84
pm035,security_compliance_governance,Engineering is requesting a temporary security exception to meet the release deadline. Should we allow it?,"[""DevSecOps"", ""DevOps""]",DevOps,True,Patch or block release,"[""Patch or block release"", ""Rollback to stable deployment""]",Block release and fix pipeline,True,True,0.77,False,False,0.985,0.7,0.75,0.9,0.816
pm036,pm_prioritization_escalation,"We have moderate operational concerns, but no major customer complaints yet. Can this issue be deferred safely?","[""SRE"", ""DevOps"", ""FinOps"", ""DevSecOps""]",DevOps,True,No action (observe),"[""No action (observe)"", ""Patch or block release"", ""Rollback to stable deployment"", ""Mitigate and monitor"", ""Scale adjustment""]",Rollback to stable deployment,False,True,0.47,True,False,0.9193,0.9175,0.65,0.7575,0.84
pm037,cross_domain_release_governance,"DevOps says the release is ready, SRE is worried about latency, and security has policy concerns. What is the final recommendation?","[""DevOps"", ""SRE"", ""DevSecOps""]",DevOps,True,Patch or block release,"[""Patch or block release"", ""Rollback to stable deployment"", ""Mitigate and monitor"", ""Scale adjustment""]",Rollback to stable deployment,False,True,0.47,True,False,0.955,0.975,0.65,0.8,0.8074
pm038,pm_prioritization_escalation,Our sprint delivery slipped because of repeated deployment and operational issues. What should I focus on first?,"[""DevOps"", ""SRE""]",DevOps,True,Rollback to stable deployment,"[""Rollback to stable deployment"", ""Block release and fix pipeline"", ""Mitigate and monitor"", ""Scale adjustment""]",Rollback to stable deployment,True,True,0.77,False,False,0.9968,0.9175,0.65,0.6825,0.84
pm039,cost_governance,"After launching the new feature, our operating costs increased sharply. Is this sustainable?","[""FinOps""]",FinOps,True,Scale adjustment,"[""Scale adjustment""]",Scale adjustment,True,True,0.92,False,False,0.92,0.6,0.88,0.32,0.8049
pm040,reliability_operations,"We are seeing elevated latency and some errors, but the service is still functioning. Is this an incident or something we can monitor?","[""SRE""]",SRE,True,Mitigate and monitor,"[""Mitigate and monitor"", ""Scale adjustment""]",Scale adjustment,False,True,0.89,False,False,0.8679,0.689,0.6,0.5075,0.84
pm041,release_governance,"We detected deployment drift before an important customer demo. Should we proceed, rollback, or hold?","[""DevOps""]",DevOps,True,Rollback to stable deployment,"[""Rollback to stable deployment"", ""Block release and fix pipeline""]",Block release and fix pipeline,False,True,0.92,False,False,0.925,0.7,0.75,0.7,0.771
pm042,cross_domain_general_investigation,"Security concerns are rising, performance is degrading, and cloud costs are climbing. Please assess the overall situation and recommend the best next step.","[""DevSecOps"", ""SRE"", ""FinOps""]",SRE,True,Patch or block release,"[""Patch or block release"", ""Mitigate and monitor"", ""Scale adjustment""]",Patch or block release,True,True,0.5,True,False,1.086,0.47,0.7,0.96,0.8211
pm043,release_governance,"The team wants to continue rollout, but there are warning signs in reliability and deployment stability. Should we pause for review?","[""DevOps"", ""SRE""]",DevOps,True,Rollback to stable deployment,"[""Rollback to stable deployment"", ""Block release and fix pipeline"", ""Mitigate and monitor"", ""Scale adjustment""]",Rollback to stable deployment,True,True,0.77,False,False,0.9968,0.9175,0.65,0.6825,0.84
pm044,cost_governance,"Our infrastructure costs are trending upward, but performance seems stable. Are these costs acceptable or should we optimize?","[""FinOps""]",FinOps,True,Scale adjustment,"[""Scale adjustment""]",Scale adjustment,True,True,0.92,False,False,0.92,0.6,0.88,0.32,0.8049
pm045,security_compliance_governance,We have identified compliance issues just before our audit window. What governance action should we take?,"[""DevSecOps""]",DevSecOps,True,Patch or block release,"[""Patch or block release""]",Patch or block release,True,True,0.92,False,False,1.086,0.47,0.7,0.96,0.802
pm046,pm_prioritization_escalation,"The release is facing deployment, latency, and security concerns. What is the likely business impact and what should I prioritize?","[""DevOps"", ""SRE"", ""DevSecOps""]",DevOps,True,Patch or block release,"[""Patch or block release"", ""Rollback to stable deployment"", ""Mitigate and monitor"", ""Scale adjustment""]",Rollback to stable deployment,False,True,0.47,True,False,0.9193,0.9175,0.65,0.7575,0.84
pm047,reliability_operations,Performance concerns are present but not yet severe. Can we safely monitor instead of intervening immediately?,"[""SRE""]",SRE,True,No action (observe),"[""No action (observe)"", ""Mitigate and monitor"", ""Scale adjustment""]",Scale adjustment,False,True,0.89,False,False,0.8679,0.689,0.6,0.5075,0.84
pm048,cross_domain_release_governance,"We have a customer-facing release scheduled, but security flagged policy issues and engineering is under deadline pressure. What is the right governance decision?","[""DevSecOps"", ""DevOps""]",DevOps,True,Patch or block release,"[""Patch or block release"", ""Rollback to stable deployment""]",Block release and fix pipeline,True,True,0.8,False,False,0.985,0.7,0.75,0.9,0.816
pm049,cross_domain_cost_reliability,"We improved reliability, but it now costs much more to run the platform. Are we overspending to maintain stability?","[""SRE"", ""FinOps""]",SRE,True,Scale adjustment,"[""Scale adjustment"", ""Mitigate and monitor""]",Scale adjustment,True,True,0.89,False,False,0.8679,0.689,0.6,0.5075,0.84
pm050,pm_prioritization_escalation,"Before today’s standup, I need a governance view of current deployment, reliability, cost, and security issues. What should the team focus on?","[""DevOps"", ""SRE"", ""FinOps"", ""DevSecOps""]",DevOps,True,Mitigate and monitor,"[""Mitigate and monitor"", ""Patch or block release"", ""Rollback to stable deployment"", ""Scale adjustment""]",Rollback to stable deployment,False,True,0.74,False,False,0.8942,0.855,0.65,0.7575,0.84
pm051,release_governance,"After the latest release, customer errors increased and the team is considering rollback. What governance action should we take?","[""DevOps"", ""SRE""]",DevOps,True,Rollback to stable deployment,"[""Rollback to stable deployment"", ""Block release and fix pipeline"", ""Mitigate and monitor"", ""Scale adjustment""]",Rollback to stable deployment,True,True,0.8,False,False,1.025,0.975,0.65,0.7,0.7956
pm052,release_governance,The deployment pipeline failed before production rollout and the release artifact looks inconsistent. Should we continue or stop the release?,"[""DevOps""]",DevOps,True,Block release and fix pipeline,"[""Block release and fix pipeline"", ""Rollback to stable deployment""]",Block release and fix pipeline,True,True,0.8,False,False,0.985,0.7,0.75,0.9,0.7956
pm053,release_governance,The new release shows configuration drift and repeated service restarts. What is the recommended governance decision?,"[""DevOps"", ""SRE""]",DevOps,True,Rollback to stable deployment,"[""Rollback to stable deployment"", ""Block release and fix pipeline"", ""Mitigate and monitor"", ""Scale adjustment""]",Rollback to stable deployment,True,True,0.77,False,False,1.025,0.975,0.65,0.7,0.816
pm054,release_governance,"A build gate failed, but there is no confirmed customer impact yet. What should the project team do before approving the release?","[""DevOps""]",DevOps,True,Block release and fix pipeline,"[""Block release and fix pipeline"", ""Rollback to stable deployment""]",Rollback to stable deployment,False,True,0.74,False,False,0.8942,0.855,0.65,0.7575,0.84
pm055,release_governance,"During the launch window, the new deployment caused restarts and failed requests. Should we rollback or continue monitoring?","[""DevOps"", ""SRE""]",DevOps,True,Rollback to stable deployment,"[""Rollback to stable deployment"", ""Block release and fix pipeline"", ""Mitigate and monitor"", ""Scale adjustment""]",Rollback to stable deployment,True,True,0.8,False,False,1.025,0.975,0.65,0.7,0.7956
pm056,reliability_operations,Latency is rising across the customer workflow and users are reporting timeouts. What should the team prioritize?,"[""SRE""]",SRE,True,Mitigate and monitor,"[""Mitigate and monitor"", ""Scale adjustment""]",Scale adjustment,False,True,0.92,False,False,0.8898,0.742,0.54,0.57,0.802
pm057,reliability_operations,The error rate increased sharply and service availability is dropping. What governance action is appropriate?,"[""SRE""]",SRE,True,Mitigate and monitor,"[""Mitigate and monitor"", ""Scale adjustment""]",Scale adjustment,False,True,0.92,False,False,0.8898,0.742,0.54,0.57,0.802
pm058,reliability_operations,We are approaching a traffic peak and CPU saturation is increasing. Should we adjust capacity before the peak?,"[""SRE"", ""FinOps""]",SRE,True,Scale adjustment,"[""Scale adjustment"", ""Mitigate and monitor""]",Scale adjustment,True,True,0.89,False,False,0.8679,0.689,0.6,0.5075,0.84
pm059,reliability_operations,"Customers are seeing slow responses, but there is no confirmed deployment failure. What should we do?","[""SRE""]",SRE,True,Mitigate and monitor,"[""Mitigate and monitor"", ""Scale adjustment""]",Scale adjustment,False,True,0.92,False,False,0.8671,0.704,0.54,0.545,0.8
pm060,reliability_operations,Service availability is below target and error rates are increasing. What should the project team recommend?,"[""SRE""]",SRE,True,Mitigate and monitor,"[""Mitigate and monitor"", ""Scale adjustment""]",Scale adjustment,False,True,0.92,False,False,0.8898,0.742,0.54,0.57,0.802
pm061,cost_governance,"Autoscaling increased the cloud bill, but reliability is currently stable. Should we revise the scaling policy?","[""FinOps""]",FinOps,True,Review scaling policy,"[""Review scaling policy""]",Scale adjustment,True,True,0.92,False,False,0.92,0.6,0.88,0.32,0.8049
pm062,cost_governance,The platform appears over-provisioned and costs are rising without clear reliability benefits. What action should we take?,"[""FinOps""]",FinOps,True,Scale adjustment,"[""Scale adjustment""]",Scale adjustment,True,True,0.92,False,False,0.92,0.6,0.88,0.32,0.8049
pm063,cost_governance,The upcoming release may require higher infrastructure capacity and could exceed the cloud budget. What should we review?,"[""FinOps"", ""DevOps""]",DevOps,True,Review scaling policy,"[""Review scaling policy"", ""Rollback to stable deployment"", ""Block release and fix pipeline""]",Scale adjustment,True,True,0.8,False,False,0.92,0.6,0.88,0.32,0.7839
pm064,cost_governance,HPA scaled several services aggressively and cloud spend spiked overnight. What governance action should we recommend?,"[""FinOps""]",FinOps,True,Scale adjustment,"[""Scale adjustment""]",Scale adjustment,True,True,0.92,False,False,0.92,0.6,0.88,0.32,0.8049
pm065,cost_governance,"Service reliability looks stable, but the cloud bill is increasing every day. What should the PM escalate?","[""FinOps""]",FinOps,True,Review scaling policy,"[""Review scaling policy""]",Scale adjustment,True,True,0.92,False,False,0.92,0.6,0.88,0.32,0.8049
pm066,security_compliance_governance,A critical CVE was found before the release approval meeting. Should we proceed with deployment?,"[""DevSecOps""]",DevSecOps,True,Patch or block release,"[""Patch or block release""]",Patch or block release,True,True,0.92,False,False,1.086,0.47,0.7,0.96,0.802
pm067,security_compliance_governance,The release candidate triggered a policy violation in the security gate. What governance decision is appropriate?,"[""DevSecOps"", ""DevOps""]",DevOps,True,Patch or block release,"[""Patch or block release"", ""Rollback to stable deployment""]",Block release and fix pipeline,True,True,0.8,False,False,0.985,0.7,0.75,0.9,0.816
pm068,security_compliance_governance,IAM drift was detected before the audit review. What should the project team do before proceeding?,"[""DevSecOps""]",DevSecOps,True,Patch or block release,"[""Patch or block release""]",Patch or block release,True,True,0.92,False,False,1.086,0.47,0.7,0.96,0.802
pm069,security_compliance_governance,"The team is under pressure to release, but compliance evidence is incomplete. What should the governance recommendation be?","[""DevSecOps"", ""DevOps""]",DevOps,True,Patch or block release,"[""Patch or block release"", ""Rollback to stable deployment""]",Block release and fix pipeline,True,True,0.77,False,False,0.985,0.7,0.75,0.9,0.816
pm070,security_compliance_governance,"Engineering requested a security exception for the release, but policy checks are still failing. What should we recommend?","[""DevSecOps""]",DevSecOps,True,Patch or block release,"[""Patch or block release""]",Patch or block release,True,True,0.89,False,False,1.086,0.47,0.7,0.96,0.832
pm071,cross_domain_release_governance,The release has deployment instability and a security finding. What should the PM recommend for the release decision?,"[""DevOps"", ""DevSecOps""]",DevOps,True,Patch or block release,"[""Patch or block release"", ""Rollback to stable deployment""]",Rollback to stable deployment,False,True,0.74,False,False,0.915,0.875,0.65,0.8,0.8211
pm072,cross_domain_release_governance,"After the release, latency increased and some services restarted. Should we rollback or continue monitoring?","[""DevOps"", ""SRE""]",DevOps,True,Rollback to stable deployment,"[""Rollback to stable deployment"", ""Block release and fix pipeline"", ""Mitigate and monitor"", ""Scale adjustment""]",Rollback to stable deployment,True,True,0.8,False,False,1.025,0.975,0.65,0.7,0.7956
pm073,cross_domain_release_governance,"The deployment pipeline passed, but the policy gate failed. What is the safest governance decision?","[""DevSecOps"", ""DevOps""]",DevOps,True,Patch or block release,"[""Patch or block release"", ""Rollback to stable deployment""]",Block release and fix pipeline,True,True,0.77,False,False,0.985,0.7,0.75,0.9,0.816
pm074,cross_domain_release_governance,"A customer release is scheduled today, but reliability tests show rising latency. What should the PM do?","[""SRE"", ""DevOps""]",DevOps,True,Mitigate and monitor,"[""Mitigate and monitor"", ""Rollback to stable deployment"", ""Block release and fix pipeline"", ""Scale adjustment""]",Rollback to stable deployment,False,True,0.77,False,False,1.035,1.0,0.65,0.7,0.816
pm075,cross_domain_release_governance,"The release introduced service restarts and security found a critical vulnerability. Should we rollback, patch, or hold the release?","[""DevOps"", ""DevSecOps"", ""SRE""]",DevOps,True,Patch or block release,"[""Patch or block release"", ""Rollback to stable deployment"", ""Mitigate and monitor"", ""Scale adjustment""]",Rollback to stable deployment,False,True,0.5,True,False,0.955,0.975,0.65,0.8,0.792
pm076,cross_domain_cost_reliability,"Reliability improved after scaling, but cloud cost increased sharply. What should we do next?","[""SRE"", ""FinOps""]",SRE,True,Review scaling policy,"[""Review scaling policy"", ""Mitigate and monitor""]",Mitigate and monitor,False,True,0.5900000000000001,True,False,0.614,0.475,0.68,0.4,0.84
pm077,cross_domain_cost_reliability,"The SRE team wants more capacity to reduce latency, but the project is under budget pressure. What should the PM recommend?","[""SRE"", ""FinOps""]",SRE,True,Scale adjustment,"[""Scale adjustment"", ""Mitigate and monitor""]",Scale adjustment,True,True,0.89,False,False,0.8679,0.689,0.6,0.5075,0.84
pm078,cross_domain_cost_reliability,"FinOps recommends reducing capacity, but SRE is concerned it may affect SLOs. What governance action is appropriate?","[""FinOps"", ""SRE""]",SRE,True,Review scaling policy,"[""Review scaling policy"", ""Mitigate and monitor""]",Scale adjustment,True,True,0.8,False,False,1.2703,0.885,0.88,0.5075,0.8089
pm079,cross_domain_cost_reliability,"The system scaled out aggressively, but reliability metrics improved only slightly. Should we keep the current scaling settings?","[""FinOps"", ""SRE""]",SRE,True,Review scaling policy,"[""Review scaling policy"", ""Mitigate and monitor""]",Scale adjustment,True,True,0.8,False,False,1.2703,0.885,0.88,0.5075,0.8089
pm080,cross_domain_cost_reliability,"Traffic is surging, latency is rising, and the cloud budget alert has triggered. What should we prioritize?","[""SRE"", ""FinOps""]",SRE,True,Scale adjustment,"[""Scale adjustment"", ""Mitigate and monitor""]",Scale adjustment,True,True,0.8,False,False,1.1058,0.882,0.74,0.57,0.8064
pm081,pm_prioritization_escalation,"For daily triage, I need to know whether deployment, reliability, cost, or security needs the most attention today.","[""DevOps"", ""SRE"", ""FinOps"", ""DevSecOps""]",DevOps,True,Mitigate and monitor,"[""Mitigate and monitor"", ""Patch or block release"", ""Rollback to stable deployment"", ""Scale adjustment""]",Rollback to stable deployment,False,True,0.47,True,False,0.9193,0.9175,0.65,0.7575,0.84
pm082,pm_prioritization_escalation,"We have warning signals from deployment, reliability, and security. What should be escalated first?","[""DevOps"", ""SRE"", ""DevSecOps""]",DevOps,True,Mitigate and monitor,"[""Mitigate and monitor"", ""Patch or block release"", ""Rollback to stable deployment"", ""Scale adjustment""]",Rollback to stable deployment,False,True,0.47,True,False,0.955,0.975,0.65,0.8,0.8074
pm083,pm_prioritization_escalation,"In standup, should we focus first on reliability degradation or the cloud-cost increase?","[""SRE"", ""FinOps""]",SRE,True,Mitigate and monitor,"[""Mitigate and monitor"", ""Scale adjustment""]",Scale adjustment,False,True,0.89,False,False,0.8679,0.689,0.6,0.5075,0.84
pm084,pm_prioritization_escalation,"Leadership wants a delivery-risk summary covering release stability, reliability, cost, and security. What is the governance view?","[""DevOps"", ""SRE"", ""FinOps"", ""DevSecOps""]",DevOps,True,Mitigate and monitor,"[""Mitigate and monitor"", ""Patch or block release"", ""Rollback to stable deployment"", ""Scale adjustment""]",Rollback to stable deployment,False,True,0.47,True,False,0.9193,0.9175,0.65,0.7575,0.84
pm085,pm_prioritization_escalation,"Several services show instability, costs are rising, and security has open findings. Should we pause the release train?","[""DevOps"", ""SRE"", ""FinOps"", ""DevSecOps""]",DevOps,True,Mitigate and monitor,"[""Mitigate and monitor"", ""Patch or block release"", ""Rollback to stable deployment"", ""Scale adjustment""]",Scale adjustment,False,True,0.5,True,False,1.0031,0.844,0.74,0.545,0.812
pm086,cross_domain_general_investigation,"Multiple teams are reporting operational concerns, but it is unclear whether the main issue is deployment, reliability, cost, or security. Please assess.","[""DevOps"", ""SRE"", ""FinOps"", ""DevSecOps""]",DevOps,True,Mitigate and monitor,"[""Mitigate and monitor"", ""Patch or block release"", ""Rollback to stable deployment"", ""Scale adjustment""]",Rollback to stable deployment,False,True,0.47,True,False,0.9193,0.9175,0.65,0.7575,0.84
pm087,cross_domain_general_investigation,"After the release, teams noticed slower performance and higher infrastructure usage, but the root cause is unclear. What should we do?","[""DevOps"", ""SRE"", ""FinOps""]",DevOps,True,Mitigate and monitor,"[""Mitigate and monitor"", ""Rollback to stable deployment"", ""Block release and fix pipeline"", ""Scale adjustment""]",Rollback to stable deployment,False,True,0.77,False,False,0.9968,0.9175,0.65,0.6825,0.84
pm088,cross_domain_general_investigation,"Before the steering meeting, I need a concise view of operational risks across release, reliability, cost, and security.","[""DevOps"", ""SRE"", ""FinOps"", ""DevSecOps""]",DevOps,True,Mitigate and monitor,"[""Mitigate and monitor"", ""Patch or block release"", ""Rollback to stable deployment"", ""Scale adjustment""]",Rollback to stable deployment,False,True,0.47,True,False,0.9193,0.9175,0.65,0.7575,0.84
pm089,cross_domain_general_investigation,The dashboards show mixed signals and no single team is sure who owns the issue. What is the likely governance direction?,"[""DevOps"", ""SRE"", ""FinOps"", ""DevSecOps""]",DevOps,True,Mitigate and monitor,"[""Mitigate and monitor"", ""Patch or block release"", ""Rollback to stable deployment"", ""Scale adjustment""]",Rollback to stable deployment,False,True,0.47,True,False,0.9193,0.9175,0.65,0.7575,0.84
pm090,cross_domain_general_investigation,"Please review the current operational risk and identify whether release, reliability, cost, or security requires attention.","[""DevOps"", ""SRE"", ""FinOps"", ""DevSecOps""]",DevOps,True,Mitigate and monitor,"[""Mitigate and monitor"", ""Patch or block release"", ""Rollback to stable deployment"", ""Scale adjustment""]",Rollback to stable deployment,False,True,0.47,True,False,0.9193,0.9175,0.65,0.7575,0.84
pm091,cross_domain_release_governance,The deployment failed and security also found a policy issue. What is the safest decision for the release?,"[""DevOps"", ""DevSecOps""]",DevOps,True,Patch or block release,"[""Patch or block release"", ""Rollback to stable deployment""]",Block release and fix pipeline,True,True,0.8,False,False,0.985,0.7,0.75,0.9,0.7956
pm092,cross_domain_cost_reliability,The release increased resource usage and latency at the same time. What should the PM recommend?,"[""DevOps"", ""SRE"", ""FinOps""]",DevOps,True,Mitigate and monitor,"[""Mitigate and monitor"", ""Rollback to stable deployment"", ""Block release and fix pipeline"", ""Scale adjustment""]",Rollback to stable deployment,False,True,0.77,False,False,0.9968,0.9175,0.65,0.6825,0.84
pm093,cross_domain_release_governance,"We committed to a customer release today, but the security gate is failing. What should the governance decision be?","[""DevSecOps"", ""DevOps""]",DevOps,True,Patch or block release,"[""Patch or block release"", ""Rollback to stable deployment""]",Block release and fix pipeline,True,True,0.77,False,False,0.985,0.7,0.75,0.9,0.816
pm094,cross_domain_cost_reliability,"We have a reliability incident, but scaling further will increase cloud spend significantly. What should be done?","[""SRE"", ""FinOps""]",SRE,True,Scale adjustment,"[""Scale adjustment"", ""Mitigate and monitor""]",Scale adjustment,True,True,0.8,False,False,1.1058,0.882,0.74,0.57,0.8064
pm095,release_governance,"Before approving the release, I need to know whether deployment health is stable enough to proceed.","[""DevOps""]",DevOps,True,Mitigate and monitor,"[""Mitigate and monitor"", ""Rollback to stable deployment"", ""Block release and fix pipeline""]",Rollback to stable deployment,False,True,0.77,False,False,0.9968,0.9175,0.65,0.6825,0.84
pm096,reliability_operations,The team applied mitigation for latency issues. Should we continue monitoring or take another action?,"[""SRE""]",SRE,True,Mitigate and monitor,"[""Mitigate and monitor"", ""Scale adjustment""]",Scale adjustment,False,True,0.89,False,False,0.8679,0.689,0.6,0.5075,0.84
pm097,cost_governance,"Now that the service is stable, can we reduce excess cloud capacity to control cost?","[""FinOps"", ""SRE""]",SRE,True,Scale adjustment,"[""Scale adjustment"", ""Mitigate and monitor""]",Scale adjustment,True,True,0.8,False,False,1.2703,0.885,0.88,0.5075,0.8089
pm098,security_compliance_governance,Compliance evidence is incomplete for the release approval. What should the team do before proceeding?,"[""DevSecOps"", ""DevOps""]",DevOps,True,Patch or block release,"[""Patch or block release"", ""Rollback to stable deployment""]",Patch or block release,True,True,0.77,False,False,1.086,0.47,0.7,0.96,0.816
pm099,pm_prioritization_escalation,"For release readiness, I need one view of deployment stability, reliability, cost exposure, and security risk.","[""DevOps"", ""SRE"", ""FinOps"", ""DevSecOps""]",DevOps,True,Mitigate and monitor,"[""Mitigate and monitor"", ""Patch or block release"", ""Rollback to stable deployment"", ""Scale adjustment""]",Rollback to stable deployment,False,True,0.47,True,False,0.9193,0.9175,0.65,0.7575,0.84
pm100,cross_domain_release_governance,"For the final go/no-go review, we have release instability, rising latency, cost concerns, and open security findings. What is the recommended governance decision?","[""DevOps"", ""SRE"", ""FinOps"", ""DevSecOps""]",DevOps,True,Patch or block release,"[""Patch or block release"", ""Rollback to stable deployment"", ""Mitigate and monitor"", ""Scale adjustment""]",Scale adjustment,False,True,0.5,True,False,1.0031,0.844,0.74,0.545,0.812
